<?xml version="1.0" encoding="UTF-8"?>
<!DOCTYPE base SYSTEM "http://www.4d.com/dtd/2007/base.dtd" >
<base name="SVG Goodies" uuid="98C6414EF2AD4AB385CDDF05AE440F94" collation_locale="fr">
	<schema name="DEFAULT_SCHEMA"/>
	<table name="employees" uuid="CBAE430DA4064031A81693323D44A889" id="2">
		<field name="surname" uuid="9DF4AB0F8CA14CE1A3900D586F77EB60" type="10" never_null="true" id="1">
			<index_ref uuid="DA13459B94CF44A4A5303457EB32466B"/>
			<field_extra multi_line="false">
				<editor_field_info>
					<color red="216" green="30" blue="5" alpha="255"/>
				</editor_field_info>
			</field_extra>
		</field>
		<field name="name" uuid="432A6C27DC974A09B70ADBCD9E3D9FF9" type="10" never_null="true" id="2">
			<field_extra multi_line="false">
				<editor_field_info>
					<color red="255" green="255" blue="255" alpha="0"/>
				</editor_field_info>
			</field_extra>
		</field>
		<field name="date_of_birth" uuid="886D1EC479EB412EAD3E88E7145B1489" type="8" never_null="true" id="3">
			<field_extra multi_line="false">
				<editor_field_info>
					<color red="255" green="255" blue="255" alpha="0"/>
				</editor_field_info>
			</field_extra>
		</field>
		<field name="birthplace" uuid="D1DDD1E5E7874537A33CE503CEF08447" type="5" never_null="true" id="4">
			<field_extra>
				<editor_field_info>
					<color red="0" green="81" blue="186" alpha="255"/>
				</editor_field_info>
			</field_extra>
		</field>
		<field name="gender" uuid="D13004D1BF56486AA1B254C9E5923027" type="1" never_null="true" id="5"/>
		<table_extra>
			<editor_table_info>
				<color red="255" green="255" blue="255" alpha="0"/>
				<coordinates left="79" top="29" width="124" height="162.33203125"/>
			</editor_table_info>
		</table_extra>
	</table>
	<table name="cities" uuid="8DA605BCF6D94DEAB53F2464EB4E1F59" id="3">
		<field name="ID" uuid="9947BDA2703E430A9C6A8BBBFC596F77" type="5" never_null="true" id="1">
			<index_ref uuid="9B0FD1ABC7DA4E9CB7EF63F7348C5C2D"/>
		</field>
		<field name="name" uuid="128A0BFA98E342E3BED0EB5A8139979C" type="10" limiting_length="255" never_null="true" id="2">
			<index_ref uuid="C328B0FEEA9B42759A3DDCCD363A1905"/>
			<field_extra>
				<editor_field_info>
					<color red="0" green="81" blue="186" alpha="255"/>
				</editor_field_info>
			</field_extra>
		</field>
		<field name="state" uuid="5836FB762B6841C58511EB17636F46D0" type="10" never_null="true" id="3"/>
		<table_extra>
			<editor_table_info>
				<color red="207" green="209" blue="165" alpha="255"/>
				<coordinates left="345" top="102" width="132" height="134.33203125"/>
			</editor_table_info>
		</table_extra>
	</table>
	<relation uuid="E456646B5FE64A1CA7ABCBB1BDFDC7F5" name_Nto1="Lien_3" name_1toN="Lien_3_retour" auto_load_Nto1="false" auto_load_1toN="false" foreign_key="false" state="1">
		<related_field kind="source">
			<field_ref uuid="D1DDD1E5E7874537A33CE503CEF08447" name="birthplace">
				<table_ref uuid="CBAE430DA4064031A81693323D44A889" name="employees"/>
			</field_ref>
		</related_field>
		<related_field kind="destination">
			<field_ref uuid="9947BDA2703E430A9C6A8BBBFC596F77" name="ID">
				<table_ref uuid="8DA605BCF6D94DEAB53F2464EB4E1F59" name="cities"/>
			</field_ref>
		</related_field>
		<relation_extra entry_wildchar="false" entry_create="false" choice_field="0" entry_autofill="false">
			<editor_relation_info via_point_x="-1" via_point_y="-1" prefers_left="false" smartlink="true">
				<color red="255" green="255" blue="255" alpha="0"/>
			</editor_relation_info>
		</relation_extra>
	</relation>
	<index kind="regular" uuid="9B0FD1ABC7DA4E9CB7EF63F7348C5C2D" type="7">
		<field_ref uuid="9947BDA2703E430A9C6A8BBBFC596F77" name="ID">
			<table_ref uuid="8DA605BCF6D94DEAB53F2464EB4E1F59" name="cities"/>
		</field_ref>
	</index>
	<index kind="regular" uuid="C328B0FEEA9B42759A3DDCCD363A1905" type="7">
		<field_ref uuid="128A0BFA98E342E3BED0EB5A8139979C" name="name">
			<table_ref uuid="8DA605BCF6D94DEAB53F2464EB4E1F59" name="cities"/>
		</field_ref>
	</index>
	<index kind="regular" uuid="DA13459B94CF44A4A5303457EB32466B" type="7">
		<field_ref uuid="9DF4AB0F8CA14CE1A3900D586F77EB60" name="surname">
			<table_ref uuid="CBAE430DA4064031A81693323D44A889" name="employees"/>
		</field_ref>
	</index>
	<base_extra package_name="SVG Goodies v12" structure_file_name="SVG Goodies" data_file_path=":SVG Goodies.4DD" source_code_stamp="490">
		<temp_folder folder_selector="system"/>
	</base_extra>
</base>