<?xml version="1.0" encoding="UTF-8" standalone="yes"?>
<verifylog operation="Verify" name="4DSVG Demo" structure="Macintosh HD:Sources_4D:depot:4DComponents:4D SVG:12.x:Demonstrations:SVG Theater seating plan v12.4dbase:4DSVG Demo.4DB" data="Macintosh HD:Sources_4D:depot:4DComponents:4D SVG:12.x:Demonstrations:SVG Theater seating plan v12.4dbase:4DSVG Demo.4DD" os="Mac OS X (10.6.6)">
<start_timer time="2011-02-01T14:58:52+01:00"/>
<step title="Ouverture de la base en mode maintenance">
</step>
<step title="Vérification de l&apos;intégrité de la structure">
	<step title="Vérification de la table des bits du segment 1">
	</step>
	<step title="Vérification de la table des bits du segment 65">
	</step>
	<step title="Vérification des définitions de la numérotation automatique">
	</step>
	<step title="Vérification de la chaîne de définition de numérotation automatique supprimée">
	</step>
	<step title="Vérification des définitions d’index">
	</step>
	<step title="Vérification de la chaîne de définitions d’index supprimés">
	</step>
	<step title="Chargement des tables de données">
		<step title="Vérification des entêtes de la table des données">
		</step>
		<step title="Vérification de la chaîne des entêtes de la table des données supprimées">
		</step>
	</step>
	<step title="Vérification des BLOBs dans la table Resources">
	</step>
	<step title="Vérification de la liste des BLOBs supprimés dans la table Resources">
	</step>
	<step title="Vérification des enregistrements dans la table Resources">
	</step>
	<step title="Vérification de la liste des enregistrements supprimés dans la table Resources">
	</step>
	<step title="Vérification des BLOBs dans la table [Table#2]">
	</step>
	<step title="Vérification de la liste des BLOBs supprimés dans la table [Table#2]">
	</step>
	<step title="Vérification des enregistrements dans la table [Table#2]">
	</step>
	<step title="Vérification de la liste des enregistrements supprimés dans la table [Table#2]">
	</step>
	<step title="Vérification de l&apos;index sur Index B-tree 0 sur kind (TYPE only)">
		<step title="Vérification des adresses des pages d’index de l&apos;Index B-tree 0 sur kind (TYPE only)">
		</step>
		<step title="Vérification des pages d’index de l&apos;Index B-tree 0 sur kind (TYPE only)">
		</step>
	</step>
	<step title="Vérification de l&apos;index sur Index B-tree 1 sur stamp (stamp)">
		<step title="Vérification des adresses des pages d’index de l&apos;Index B-tree 1 sur stamp (stamp)">
		</step>
		<step title="Vérification des pages d’index de l&apos;Index B-tree 1 sur stamp (stamp)">
		</step>
	</step>
	<step title="Vérification de l&apos;index sur Index B-tree 2 sur kind , id (TYPE and ID)">
		<step title="Vérification des adresses des pages d’index de l&apos;Index B-tree 2 sur kind , id (TYPE and ID)">
		</step>
		<step title="Vérification de la liste des pages d’index supprimés de l&apos;Index B-tree 2 sur kind , id (TYPE and ID)">
		</step>
		<step title="Vérification des pages d’index de l&apos;Index B-tree 2 sur kind , id (TYPE and ID)">
		</step>
	</step>
</step>
<step title="Vérification des méthodes base">
	<step title="Sur ouverture">
		<info>Sur ouverture : 37 lines</info>
	</step>
</step>
<step title="Vérification des méthodes triggers">
</step>
<step title="Vérification des méthodes projet">
	<step title="(DemoSVG_Graph1)">
		<info>(DemoSVG_Graph1) : 12 lines</info>
	</step>
	<step title="(DemoSVG_LoadDatas)">
		<info>(DemoSVG_LoadDatas) : 12 lines</info>
	</step>
	<step title="(DemoSVG_Graph2)">
		<info>(DemoSVG_Graph2) : 11 lines</info>
	</step>
	<step title="(DemoSVG_Counter)">
		<info>(DemoSVG_Counter) : 16 lines</info>
	</step>
	<step title="(DemoSVG_3DCircle)">
		<info>(DemoSVG_3DCircle) : 28 lines</info>
	</step>
	<step title="(Demo_draw)">
		<info>(Demo_draw) : 21 lines</info>
	</step>
	<step title="(DemoSVG_GraphLines)">
		<info>(DemoSVG_GraphLines) : 22 lines</info>
	</step>
	<step title="(DemoSVG_ColorRGB2SVG)">
		<info>(DemoSVG_ColorRGB2SVG) : 13 lines</info>
	</step>
	<step title="(Demo_Lance)">
		<info>(Demo_Lance) : 13 lines</info>
	</step>
	<step title="(Méthode 11)">
		<info>(Méthode 11) : 12 lines</info>
	</step>
	<step title="Demo_theater">
		<info>Demo_theater : 38 lines</info>
	</step>
	<step title="theater_drawPicture">
		<info>theater_drawPicture : 188 lines</info>
	</step>
	<step title="Demo_Init">
		<info>Demo_Init : 27 lines</info>
	</step>
	<step title="Compiler_Variables">
		<info>Compiler_Variables : 8 lines</info>
	</step>
	<step title="Compiler_Arrays">
		<info>Compiler_Arrays : 2 lines</info>
	</step>
	<step title="Compiler_Methods">
		<info>Compiler_Methods : 1 lines</info>
	</step>
	<step title="(00_test)">
		<info>(00_test) : 225 lines</info>
	</step>
	<info>17 project methods</info>
</step>
<step title="Vérification des formulaires projet">
	<step title="Demo_theater">
		<step title="Demo_theater">
			<info>Demo_theater : 81 lines</info>
		</step>
		<step title="Demo_theater.Page1.VisuSVG7 (SVG_picture)">
			<info>Demo_theater.Page1.VisuSVG7 (SVG_picture) : 121 lines</info>
		</step>
		<step title="Demo_theater.Page1.Bouton (Bouton)">
			<info>Demo_theater.Page1.Bouton (Bouton) : 33 lines</info>
		</step>
	</step>
	<info>1 project forms</info>
</step>
<step title="Vérification des formulaires table">
	<info>0 table forms</info>
</step>
<step title="Vérification de l&apos;information utilisateurs et groupes">
</step>
<step title="Vérification des Infobulles">
</step>
<step title="Vérification des dossiers de l&apos;explorateur">
	<step title="Corbeille">
	</step>
</step>
<step title="Vérification des barres de menus et des menus">
</step>
<step title="Vérification des méthodes orphelines">
</step>
<stop_timer time="2011-02-01T14:58:52+01:00" success="true" user_canceled="false"/>
</verifylog>
