<?xml version="1.0" encoding="UTF-8" standalone="no" ?><CacheFiles xmlns="http://namespace/reserved/2004/cache">  <File>    <ArchiveName>svg-edit-2.4darchive</ArchiveName>    <Name>svg-edit-2.4</Name>    <Type>Folder</Type>    <Contents>6209537555309852704620953752949658492824548643556</Contents>  </File>  <File>    <ArchiveName>fr.4darchive</ArchiveName>    <Name>fr.lproj</Name>    <Type>Folder</Type>    <Contents>113153173434610155211315317343447455522835296935</Contents>  </File>  <File>    <ArchiveName>en.4darchive</ArchiveName>    <Name>en.lproj</Name>    <Type>Folder</Type>    <Contents>113153173434610155211315317343446345523834580578</Contents>  </File>  <File>    <ArchiveName>svg-edit-2.4.4darchive</ArchiveName>    <Name>svg-edit-2.4.zip</Name>    <Type>File</Type>    <Contents>33464093943346409393591379</Contents>  </File>  <version>11</version></CacheFiles>